{
  "violation_rate": {
    "mean_difference": 0.0007291666666666666,
    "ci95": [
      0.00020833333333333332,
      0.0013541666666666665
    ]
  },
  "shortfall_kwh": {
    "mean_difference": -579.9909576852152,
    "ci95": [
      -599.8564711706222,
      -559.231140660937
    ]
  },
  "service_completion": {
    "mean_difference": 0.03946109431256471,
    "ci95": [
      0.037797203708354966,
      0.041290347712896094
    ]
  }
}